Phylo,Family,Order,Scientific_name,Mass
Loboparadisea_sericea,Cnemophilidae,Passeriformes,Loboparadisea sericea,67.3
Coereba_flaveola,Coerebidae,Passeriformes,Coereba flaveola,10
Colluricincla_boweri,Colluricinclidae,Passeriformes,Colluricincla boweri,43.8
Colluricincla_harmonica,Colluricinclidae,Passeriformes,Colluricincla harmonica,65.8
Colluricincla_megarhyncha,Colluricinclidae,Passeriformes,Colluricincla megarhyncha,32.3
Colluricincla_sanghirensis,Colluricinclidae,Passeriformes,Colluricincla sanghirensis,32.3
Colluricincla_tenebrosa,Colluricinclidae,Passeriformes,Colluricincla tenebrosa,46
Colluricincla_umbrina,Colluricinclidae,Passeriformes,Colluricincla umbrina,46
Colluricincla_woodwardi,Colluricinclidae,Passeriformes,Colluricincla woodwardi,54.5
Oreoica_gutturalis,Colluricinclidae,Passeriformes,Oreoica gutturalis,62.8
Pitohui_cristatus,Colluricinclidae,Passeriformes,Pitohui cristatus,79
Pitohui_dichrous,Colluricinclidae,Passeriformes,Pitohui dichrous,92.9
Pitohui_ferrugineus,Colluricinclidae,Passeriformes,Pitohui ferrugineus,93.9
Pitohui_incertus,Colluricinclidae,Passeriformes,Pitohui incertus,75
Pitohui_kirhocephalus,Colluricinclidae,Passeriformes,Pitohui kirhocephalus,72
Pitohui_nigrescens,Colluricinclidae,Passeriformes,Pitohui nigrescens,76.9
Conopophaga_ardesiaca,Conopophagidae,Passeriformes,Conopophaga ardesiaca,26.3
Conopophaga_aurita,Conopophagidae,Passeriformes,Conopophaga aurita,26.3
Conopophaga_castaneiceps,Conopophagidae,Passeriformes,Conopophaga castaneiceps,27
Conopophaga_cearae,Conopophagidae,Passeriformes,Conopophaga cearae,22
Conopophaga_lineata,Conopophagidae,Passeriformes,Conopophaga lineata,25.2
Conopophaga_melanogaster,Conopophagidae,Passeriformes,Conopophaga melanogaster,42.5
Conopophaga_melanops,Conopophagidae,Passeriformes,Conopophaga melanops,20.1
Conopophaga_peruviana,Conopophagidae,Passeriformes,Conopophaga peruviana,23
Conopophaga_roberti,Conopophagidae,Passeriformes,Conopophaga roberti,20.8
Corcorax_melanorhamphos,Corcoracidae,Passeriformes,Corcorax melanorhamphos,364
Struthidea_cinerea,Corcoracidae,Passeriformes,Struthidea cinerea,132
Aphelocoma_californica,Corvidae,Passeriformes,Aphelocoma californica,85.7
Aphelocoma_coerulescens,Corvidae,Passeriformes,Aphelocoma coerulescens,77.1
Aphelocoma_insularis,Corvidae,Passeriformes,Aphelocoma insularis,115.8
Aphelocoma_ultramarina,Corvidae,Passeriformes,Aphelocoma ultramarina,113.3
Aphelocoma_unicolor,Corvidae,Passeriformes,Aphelocoma unicolor,124
Calocitta_colliei,Corvidae,Passeriformes,Calocitta colliei,234
Calocitta_formosa,Corvidae,Passeriformes,Calocitta formosa,210
Cissa_chinensis,Corvidae,Passeriformes,Cissa chinensis,126.6
Cissa_hypoleuca,Corvidae,Passeriformes,Cissa hypoleuca,125
Cissa_thalassina,Corvidae,Passeriformes,Cissa thalassina,125
Corvus_albicollis,Corvidae,Passeriformes,Corvus albicollis,894
Corvus_albus,Corvidae,Passeriformes,Corvus albus,524
Corvus_bennetti,Corvidae,Passeriformes,Corvus bennetti,389
Corvus_brachyrhynchos,Corvidae,Passeriformes,Corvus brachyrhynchos,448.8
Corvus_capensis,Corvidae,Passeriformes,Corvus capensis,553
Corvus_caurinus,Corvidae,Passeriformes,Corvus caurinus,390.8
Corvus_corax,Corvidae,Passeriformes,Corvus corax,928
Corvus_corone,Corvidae,Passeriformes,Corvus corone,570
Corvus_coronoides,Corvidae,Passeriformes,Corvus coronoides,644.3
Corvus_crassirostris,Corvidae,Passeriformes,Corvus crassirostris,1135
Corvus_cryptoleucus,Corvidae,Passeriformes,Corvus cryptoleucus,533.5
Corvus_dauuricus,Corvidae,Passeriformes,Corvus dauuricus,208
Corvus_edithae,Corvidae,Passeriformes,Corvus edithae,524
Corvus_enca,Corvidae,Passeriformes,Corvus enca,251
Corvus_florensis,Corvidae,Passeriformes,Corvus florensis,175
Corvus_frugilegus,Corvidae,Passeriformes,Corvus frugilegus,452.1
Corvus_fuscicapillus,Corvidae,Passeriformes,Corvus fuscicapillus,635
Corvus_hawaiiensis,Corvidae,Passeriformes,Corvus hawaiiensis,518.8
Corvus_imparatus,Corvidae,Passeriformes,Corvus imparatus,221
Corvus_jamaicensis,Corvidae,Passeriformes,Corvus jamaicensis,338
Corvus_kubaryi,Corvidae,Passeriformes,Corvus kubaryi,249.9
Corvus_leucognaphalus,Corvidae,Passeriformes,Corvus leucognaphalus,401
Corvus_levaillantii,Corvidae,Passeriformes,Corvus levaillantii,513.1
Corvus_macrorhynchos,Corvidae,Passeriformes,Corvus macrorhynchos,513.1
Corvus_meeki,Corvidae,Passeriformes,Corvus meeki,467
Corvus_mellori,Corvidae,Passeriformes,Corvus mellori,540.4
Corvus_minutus,Corvidae,Passeriformes,Corvus minutus,287.8
Corvus_monedula,Corvidae,Passeriformes,Corvus monedula,246
Corvus_moneduloides,Corvidae,Passeriformes,Corvus moneduloides,277.4
Corvus_nasicus,Corvidae,Passeriformes,Corvus nasicus,401
Corvus_orru,Corvidae,Passeriformes,Corvus orru,508
Corvus_ossifragus,Corvidae,Passeriformes,Corvus ossifragus,284.6
Corvus_palmarum,Corvidae,Passeriformes,Corvus palmarum,289
Corvus_rhipidurus,Corvidae,Passeriformes,Corvus rhipidurus,611
Corvus_ruficollis,Corvidae,Passeriformes,Corvus ruficollis,573.5
Corvus_sinaloae,Corvidae,Passeriformes,Corvus sinaloae,244
Corvus_splendens,Corvidae,Passeriformes,Corvus splendens,292.6
Corvus_tasmanicus,Corvidae,Passeriformes,Corvus tasmanicus,676.3
Corvus_torquatus,Corvidae,Passeriformes,Corvus torquatus,470.5
Corvus_tristis,Corvidae,Passeriformes,Corvus tristis,635
Corvus_typicus,Corvidae,Passeriformes,Corvus typicus,175
Corvus_unicolor,Corvidae,Passeriformes,Corvus unicolor,175
Corvus_validus,Corvidae,Passeriformes,Corvus validus,300
Corvus_woodfordi,Corvidae,Passeriformes,Corvus woodfordi,467
Crypsirina_cucullata,Corvidae,Passeriformes,Crypsirina cucullata,132.5
Crypsirina_temia,Corvidae,Passeriformes,Crypsirina temia,129.5
Cyanocitta_cristata,Corvidae,Passeriformes,Cyanocitta cristata,88
Cyanocitta_stelleri,Corvidae,Passeriformes,Cyanocitta stelleri,128
Cyanocorax_affinis,Corvidae,Passeriformes,Cyanocorax affinis,212
Cyanocorax_beecheii,Corvidae,Passeriformes,Cyanocorax beecheii,193
Cyanocorax_caeruleus,Corvidae,Passeriformes,Cyanocorax caeruleus,272
Cyanocorax_cayanus,Corvidae,Passeriformes,Cyanocorax cayanus,175
Cyanocorax_chrysops,Corvidae,Passeriformes,Cyanocorax chrysops,166
Cyanocorax_cristatellus,Corvidae,Passeriformes,Cyanocorax cristatellus,178
Cyanocorax_cyanomelas,Corvidae,Passeriformes,Cyanocorax cyanomelas,207
Cyanocorax_cyanopogon,Corvidae,Passeriformes,Cyanocorax cyanopogon,146
Cyanocorax_dickeyi,Corvidae,Passeriformes,Cyanocorax dickeyi,181
Cyanocorax_heilprini,Corvidae,Passeriformes,Cyanocorax heilprini,172
Cyanocorax_luxuosus,Corvidae,Passeriformes,Cyanocorax luxuosus,78.5
Cyanocorax_melanocyaneus,Corvidae,Passeriformes,Cyanocorax melanocyaneus,101
Cyanocorax_morio,Corvidae,Passeriformes,Cyanocorax morio,204
Cyanocorax_mystacalis,Corvidae,Passeriformes,Cyanocorax mystacalis,154.4
Cyanocorax_sanblasianus,Corvidae,Passeriformes,Cyanocorax sanblasianus,109
Cyanocorax_violaceus,Corvidae,Passeriformes,Cyanocorax violaceus,262
Cyanocorax_yncas,Corvidae,Passeriformes,Cyanocorax yncas,78.5
Cyanocorax_yucatanicus,Corvidae,Passeriformes,Cyanocorax yucatanicus,118
Cyanolyca_argentigula,Corvidae,Passeriformes,Cyanolyca argentigula,200
Cyanolyca_armillata,Corvidae,Passeriformes,Cyanolyca armillata,200
Cyanolyca_cucullata,Corvidae,Passeriformes,Cyanolyca cucullata,101.3
Cyanolyca_mirabilis,Corvidae,Passeriformes,Cyanolyca mirabilis,52.4
Cyanolyca_nana,Corvidae,Passeriformes,Cyanolyca nana,41
Cyanolyca_pulchra,Corvidae,Passeriformes,Cyanolyca pulchra,101.3
Cyanolyca_pumilo,Corvidae,Passeriformes,Cyanolyca pumilo,47
Cyanolyca_turcosa,Corvidae,Passeriformes,Cyanolyca turcosa,97.5
Cyanolyca_viridicyanus,Corvidae,Passeriformes,Cyanolyca viridicyanus,119.8
Cyanopica_cyanus,Corvidae,Passeriformes,Cyanopica cyanus,95.9
Dendrocitta_bayleyi,Corvidae,Passeriformes,Dendrocitta bayleyi,102
Dendrocitta_formosae,Corvidae,Passeriformes,Dendrocitta formosae,102.7
Dendrocitta_frontalis,Corvidae,Passeriformes,Dendrocitta frontalis,100
Dendrocitta_leucogastra,Corvidae,Passeriformes,Dendrocitta leucogastra,99.2
Dendrocitta_occipitalis,Corvidae,Passeriformes,Dendrocitta occipitalis,95.3
Dendrocitta_vagabunda,Corvidae,Passeriformes,Dendrocitta vagabunda,100
Garrulus_glandarius,Corvidae,Passeriformes,Garrulus glandarius,159.5
Garrulus_lanceolatus,Corvidae,Passeriformes,Garrulus lanceolatus,97.7
Garrulus_lidthi,Corvidae,Passeriformes,Garrulus lidthi,125
Gymnorhinus_cyanocephalus,Corvidae,Passeriformes,Gymnorhinus cyanocephalus,104.8
Nucifraga_caryocatactes,Corvidae,Passeriformes,Nucifraga caryocatactes,182.5
Nucifraga_columbiana,Corvidae,Passeriformes,Nucifraga columbiana,129.8
Perisoreus_canadensis,Corvidae,Passeriformes,Perisoreus canadensis,71.6
Perisoreus_infaustus,Corvidae,Passeriformes,Perisoreus infaustus,84.4
Perisoreus_internigrans,Corvidae,Passeriformes,Perisoreus internigrans,102
Pica_hudsonia,Corvidae,Passeriformes,Pica hudsonia,177.1
Pica_nuttalli,Corvidae,Passeriformes,Pica nuttalli,158.3
Pica_pica,Corvidae,Passeriformes,Pica pica,217.5
Platylophus_galericulatus,Corvidae,Passeriformes,Platylophus galericulatus,77.9
Platysmurus_leucopterus,Corvidae,Passeriformes,Platysmurus leucopterus,180
Podoces_biddulphi,Corvidae,Passeriformes,Podoces biddulphi,130.5
Podoces_hendersoni,Corvidae,Passeriformes,Podoces hendersoni,120.5
Podoces_panderi,Corvidae,Passeriformes,Podoces panderi,91.1
Podoces_pleskei,Corvidae,Passeriformes,Podoces pleskei,87.5
Ptilostomus_afer,Corvidae,Passeriformes,Ptilostomus afer,128
Pyrrhocorax_graculus,Corvidae,Passeriformes,Pyrrhocorax graculus,211
Pyrrhocorax_pyrrhocorax,Corvidae,Passeriformes,Pyrrhocorax pyrrhocorax,276.7
Temnurus_temnurus,Corvidae,Passeriformes,Temnurus temnurus,138
Urocissa_caerulea,Corvidae,Passeriformes,Urocissa caerulea,257
Urocissa_erythrorhyncha,Corvidae,Passeriformes,Urocissa erythrorhyncha,151.5
Urocissa_flavirostris,Corvidae,Passeriformes,Urocissa flavirostris,149.2
Urocissa_ornata,Corvidae,Passeriformes,Urocissa ornata,196
Urocissa_whiteheadi,Corvidae,Passeriformes,Urocissa whiteheadi,200
Zavattariornis_stresemanni,Corvidae,Passeriformes,Zavattariornis stresemanni,130
Ampelioides_tschudii,Cotingidae,Passeriformes,Ampelioides tschudii,78.4
Ampelion_rubrocristatus,Cotingidae,Passeriformes,Ampelion rubrocristatus,66.3
Ampelion_rufaxilla,Cotingidae,Passeriformes,Ampelion rufaxilla,73.9
Calyptura_cristata,Cotingidae,Passeriformes,Calyptura cristata,7.8
Carpodectes_antoniae,Cotingidae,Passeriformes,Carpodectes antoniae,98
Carpodectes_hopkei,Cotingidae,Passeriformes,Carpodectes hopkei,102
Carpodectes_nitidus,Cotingidae,Passeriformes,Carpodectes nitidus,101.6
Carpornis_cucullata,Cotingidae,Passeriformes,Carpornis cucullata,74.2
Carpornis_melanocephala,Cotingidae,Passeriformes,Carpornis melanocephala,64.2
Cephalopterus_glabricollis,Cotingidae,Passeriformes,Cephalopterus glabricollis,379.5
Cephalopterus_ornatus,Cotingidae,Passeriformes,Cephalopterus ornatus,380
Cephalopterus_penduliger,Cotingidae,Passeriformes,Cephalopterus penduliger,338
Conioptilon_mcilhennyi,Cotingidae,Passeriformes,Conioptilon mcilhennyi,90
Cotinga_amabilis,Cotingidae,Passeriformes,Cotinga amabilis,71.5
Cotinga_cayana,Cotingidae,Passeriformes,Cotinga cayana,61.8
Cotinga_cotinga,Cotingidae,Passeriformes,Cotinga cotinga,54
Cotinga_maculata,Cotingidae,Passeriformes,Cotinga maculata,65
Cotinga_maynana,Cotingidae,Passeriformes,Cotinga maynana,69
Cotinga_nattererii,Cotingidae,Passeriformes,Cotinga nattererii,57.2
Cotinga_ridgwayi,Cotingidae,Passeriformes,Cotinga ridgwayi,57.2
Doliornis_remseni,Cotingidae,Passeriformes,Doliornis remseni,63.1
Doliornis_sclateri,Cotingidae,Passeriformes,Doliornis sclateri,60.2
Gymnoderus_foetidus,Cotingidae,Passeriformes,Gymnoderus foetidus,275.5
Haematoderus_militaris,Cotingidae,Passeriformes,Haematoderus militaris,227
Iodopleura_fusca,Cotingidae,Passeriformes,Iodopleura fusca,15.3
Iodopleura_isabellae,Cotingidae,Passeriformes,Iodopleura isabellae,20
Iodopleura_pipra,Cotingidae,Passeriformes,Iodopleura pipra,10
Laniisoma_buckleyi,Cotingidae,Passeriformes,Laniisoma buckleyi,47.1
Laniisoma_elegans,Cotingidae,Passeriformes,Laniisoma elegans,47.4
Laniocera_hypopyrra,Cotingidae,Passeriformes,Laniocera hypopyrra,51
Laniocera_rufescens,Cotingidae,Passeriformes,Laniocera rufescens,48.1
Lipaugus_fuscocinereus,Cotingidae,Passeriformes,Lipaugus fuscocinereus,138
Lipaugus_lanioides,Cotingidae,Passeriformes,Lipaugus lanioides,94.8
Lipaugus_streptophorus,Cotingidae,Passeriformes,Lipaugus streptophorus,57.2
Lipaugus_unirufus,Cotingidae,Passeriformes,Lipaugus unirufus,82.1
Lipaugus_uropygialis,Cotingidae,Passeriformes,Lipaugus uropygialis,116
Lipaugus_vociferans,Cotingidae,Passeriformes,Lipaugus vociferans,75.4
Lipaugus_weberi,Cotingidae,Passeriformes,Lipaugus weberi,72.1
Oxyruncus_cristatus,Cotingidae,Passeriformes,Oxyruncus cristatus,42
Pachyramphus_aglaiae,Cotingidae,Passeriformes,Pachyramphus aglaiae,29.7
Pachyramphus_albogriseus,Cotingidae,Passeriformes,Pachyramphus albogriseus,17.3
Pachyramphus_castaneus,Cotingidae,Passeriformes,Pachyramphus castaneus,19.5
Pachyramphus_cinnamomeus,Cotingidae,Passeriformes,Pachyramphus cinnamomeus,20.3
Pachyramphus_homochrous,Cotingidae,Passeriformes,Pachyramphus homochrous,37.3
Pachyramphus_major,Cotingidae,Passeriformes,Pachyramphus major,24.8
Pachyramphus_marginatus,Cotingidae,Passeriformes,Pachyramphus marginatus,18.4
Pachyramphus_minor,Cotingidae,Passeriformes,Pachyramphus minor,36.6
Pachyramphus_niger,Cotingidae,Passeriformes,Pachyramphus niger,40.2
Pachyramphus_polychopterus,Cotingidae,Passeriformes,Pachyramphus polychopterus,20.8
Pachyramphus_rufus,Cotingidae,Passeriformes,Pachyramphus rufus,18.8
Pachyramphus_spodiurus,Cotingidae,Passeriformes,Pachyramphus spodiurus,18.2
Pachyramphus_surinamus,Cotingidae,Passeriformes,Pachyramphus surinamus,19.7
Pachyramphus_validus,Cotingidae,Passeriformes,Pachyramphus validus,43
Pachyramphus_versicolor,Cotingidae,Passeriformes,Pachyramphus versicolor,15.5
Pachyramphus_viridis,Cotingidae,Passeriformes,Pachyramphus viridis,21
Pachyramphus_xanthogenys,Cotingidae,Passeriformes,Pachyramphus xanthogenys,21
Perissocephalus_tricolor,Cotingidae,Passeriformes,Perissocephalus tricolor,338.9
Phibalura_flavirostris,Cotingidae,Passeriformes,Phibalura flavirostris,46.5
Phoenicircus_carnifex,Cotingidae,Passeriformes,Phoenicircus carnifex,82.9
Phoenicircus_nigricollis,Cotingidae,Passeriformes,Phoenicircus nigricollis,96.3
Phytotoma_raimondii,Cotingidae,Passeriformes,Phytotoma raimondii,39.8
Phytotoma_rara,Cotingidae,Passeriformes,Phytotoma rara,47
Phytotoma_rutila,Cotingidae,Passeriformes,Phytotoma rutila,40.5
Pipreola_arcuata,Cotingidae,Passeriformes,Pipreola arcuata,118
Pipreola_aureopectus,Cotingidae,Passeriformes,Pipreola aureopectus,46
Pipreola_chlorolepidota,Cotingidae,Passeriformes,Pipreola chlorolepidota,29.5
Pipreola_formosa,Cotingidae,Passeriformes,Pipreola formosa,47.2
Pipreola_frontalis,Cotingidae,Passeriformes,Pipreola frontalis,42.4
Pipreola_intermedia,Cotingidae,Passeriformes,Pipreola intermedia,51.2
Pipreola_jucunda,Cotingidae,Passeriformes,Pipreola jucunda,57
Pipreola_lubomirskii,Cotingidae,Passeriformes,Pipreola lubomirskii,57
Pipreola_pulchra,Cotingidae,Passeriformes,Pipreola pulchra,58.2
Pipreola_riefferii,Cotingidae,Passeriformes,Pipreola riefferii,49.3
Pipreola_whitelyi,Cotingidae,Passeriformes,Pipreola whitelyi,50
Porphyrolaema_porphyrolaema,Cotingidae,Passeriformes,Porphyrolaema porphyrolaema,60
Procnias_albus,Cotingidae,Passeriformes,Procnias albus,210
Procnias_averano,Cotingidae,Passeriformes,Procnias averano,146.1
Procnias_nudicollis,Cotingidae,Passeriformes,Procnias nudicollis,172
Procnias_tricarunculatus,Cotingidae,Passeriformes,Procnias tricarunculatus,210
Pyroderus_scutatus,Cotingidae,Passeriformes,Pyroderus scutatus,357
Querula_purpurata,Cotingidae,Passeriformes,Querula purpurata,107.4
Rupicola_peruvianus,Cotingidae,Passeriformes,Rupicola peruvianus,242.5
Rupicola_rupicola,Cotingidae,Passeriformes,Rupicola rupicola,194.6
Schiffornis_major,Cotingidae,Passeriformes,Schiffornis major,31
Schiffornis_turdina,Cotingidae,Passeriformes,Schiffornis turdina,31.7
Schiffornis_virescens,Cotingidae,Passeriformes,Schiffornis virescens,25.6
Snowornis_cryptolophus,Cotingidae,Passeriformes,Snowornis cryptolophus,73.6
Snowornis_subalaris,Cotingidae,Passeriformes,Snowornis subalaris,81.2
Tijuca_atra,Cotingidae,Passeriformes,Tijuca atra,129
Tijuca_condita,Cotingidae,Passeriformes,Tijuca condita,80
Tityra_cayana,Cotingidae,Passeriformes,Tityra cayana,68.1
Tityra_inquisitor,Cotingidae,Passeriformes,Tityra inquisitor,43.1
Tityra_semifasciata,Cotingidae,Passeriformes,Tityra semifasciata,79.3
Xenopsaris_albinucha,Cotingidae,Passeriformes,Xenopsaris albinucha,10
Xipholena_atropurpurea,Cotingidae,Passeriformes,Xipholena atropurpurea,61.3
Xipholena_lamellipennis,Cotingidae,Passeriformes,Xipholena lamellipennis,53.8
Xipholena_punicea,Cotingidae,Passeriformes,Xipholena punicea,68.1
Zaratornis_stresemanni,Cotingidae,Passeriformes,Zaratornis stresemanni,52.1
Cracticus_cassicus,Cracticidae,Passeriformes,Cracticus cassicus,142
Cracticus_louisiadensis,Cracticidae,Passeriformes,Cracticus louisiadensis,142
Cracticus_mentalis,Cracticidae,Passeriformes,Cracticus mentalis,77
Cracticus_nigrogularis,Cracticidae,Passeriformes,Cracticus nigrogularis,128
Cracticus_quoyi,Cracticidae,Passeriformes,Cracticus quoyi,168
Cracticus_torquatus,Cracticidae,Passeriformes,Cracticus torquatus,82.9
Gymnorhina_tibicen,Cracticidae,Passeriformes,Gymnorhina tibicen,284.9
Peltops_blainvillii,Cracticidae,Passeriformes,Peltops blainvillii,30
Peltops_montanus,Cracticidae,Passeriformes,Peltops montanus,31.6
Strepera_fuliginosa,Cracticidae,Passeriformes,Strepera fuliginosa,375.5
Strepera_graculina,Cracticidae,Passeriformes,Strepera graculina,298.9
Strepera_versicolor,Cracticidae,Passeriformes,Strepera versicolor,395.5
Dasyornis_brachypterus,Dasyornithidae,Passeriformes,Dasyornis brachypterus,41.8
Dasyornis_broadbenti,Dasyornithidae,Passeriformes,Dasyornis broadbenti,67.9
Dasyornis_longirostris,Dasyornithidae,Passeriformes,Dasyornis longirostris,32.7
Campylorhamphus_falcularius,Dendrocolaptidae,Passeriformes,Campylorhamphus falcularius,42.6
Campylorhamphus_procurvoides,Dendrocolaptidae,Passeriformes,Campylorhamphus procurvoides,33.5
Campylorhamphus_pucherani,Dendrocolaptidae,Passeriformes,Campylorhamphus pucherani,70.5
Campylorhamphus_pusillus,Dendrocolaptidae,Passeriformes,Campylorhamphus pusillus,40.5
Campylorhamphus_trochilirostris,Dendrocolaptidae,Passeriformes,Campylorhamphus trochilirostris,40.8
Deconychura_longicauda,Dendrocolaptidae,Passeriformes,Deconychura longicauda,23.8
Deconychura_stictolaema,Dendrocolaptidae,Passeriformes,Deconychura stictolaema,18.5
Dendrexetastes_rufigula,Dendrocolaptidae,Passeriformes,Dendrexetastes rufigula,69.6
Dendrocincla_anabatina,Dendrocolaptidae,Passeriformes,Dendrocincla anabatina,34.2
Dendrocincla_fuliginosa,Dendrocolaptidae,Passeriformes,Dendrocincla fuliginosa,38.7
Dendrocincla_homochroa,Dendrocolaptidae,Passeriformes,Dendrocincla homochroa,39.4
Dendrocincla_merula,Dendrocolaptidae,Passeriformes,Dendrocincla merula,50
Dendrocincla_tyrannina,Dendrocolaptidae,Passeriformes,Dendrocincla tyrannina,54.9
Dendrocolaptes_certhia,Dendrocolaptidae,Passeriformes,Dendrocolaptes certhia,68.7
Dendrocolaptes_hoffmannsi,Dendrocolaptidae,Passeriformes,Dendrocolaptes hoffmannsi,83
Dendrocolaptes_picumnus,Dendrocolaptidae,Passeriformes,Dendrocolaptes picumnus,76.6
Dendrocolaptes_platyrostris,Dendrocolaptidae,Passeriformes,Dendrocolaptes platyrostris,61.7
Dendrocolaptes_sanctithomae,Dendrocolaptidae,Passeriformes,Dendrocolaptes sanctithomae,66.9
Dendroplex_kienerii,Dendrocolaptidae,Passeriformes,Dendroplex kienerii,45
Dendroplex_picus,Dendrocolaptidae,Passeriformes,Dendroplex picus,41.3
Drymornis_bridgesii,Dendrocolaptidae,Passeriformes,Drymornis bridgesii,92.6