Phylo,Family,Order,Scientific_name,Mass
Fulica_atra,Rallidae,Gruiformes,Fulica atra,717.1
Nesoclopeus_woodfordi,Rallidae,Gruiformes,Nesoclopeus woodfordi,553.2
Nonnula_sclateri,Bucconidae,Piciformes,Nonnula sclateri,16
Apalis_chariessa,Cisticolidae,Passeriformes,Apalis chariessa,9.2
Todiramphus_tutus,Alcedinidae,Coraciiformes,Todiramphus tutus,42.3
Bolborhynchus_orbygnesius,Psittacidae,Psittaciformes,Bolborhynchus orbygnesius,43.1
Campylorhamphus_trochilirostris,Dendrocolaptidae,Passeriformes,Campylorhamphus trochilirostris,40.8
Paramythia_montium,Melanocharitidae,Passeriformes,Paramythia montium,41.8
Macrosphenus_kempi,Sylviidae,Passeriformes,Macrosphenus kempi,12.6
Strix_fulvescens,Strigidae,Strigiformes,Strix fulvescens,711.5
Mirafra_cantillans,Alaudidae,Passeriformes,Mirafra cantillans,18.7
Anthus_roseatus,Motacillidae,Passeriformes,Anthus roseatus,20.6
Thalassarche_impavida,Diomedeidae,Procellariiformes,Thalassarche impavida,3202.9
Pterodroma_cahow,Procellariidae,Procellariiformes,Pterodroma cahow,246
Pericrocotus_solaris,Campephagidae,Passeriformes,Pericrocotus solaris,14.5
Polioptila_caerulea,Polioptilidae,Passeriformes,Polioptila caerulea,5.8
Corythaixoides_personatus,Musophagidae,Musophagiformes,Corythaixoides personatus,250
Spheniscus_humboldti,Spheniscidae,Sphenisciformes,Spheniscus humboldti,4366.4
Cinclosoma_punctatum,Cinclosomatidae,Passeriformes,Cinclosoma punctatum,113.3
Nesoenas_mayeri,Columbidae,Columbiformes,Nesoenas mayeri,302.8
Amazilia_rosenbergi,Trochilidae,Apodiformes,Amazilia rosenbergi,3.7
Hirundo_dimidiata,Hirundinidae,Passeriformes,Hirundo dimidiata,12.1
Calyptorhynchus_funereus,Psittacidae,Psittaciformes,Calyptorhynchus funereus,674.7
Alethe_choloensis,Turdidae,Passeriformes,Alethe choloensis,41.3
Trachyphonus_erythrocephalus,Ramphastidae,Piciformes,Trachyphonus erythrocephalus,63.5
Chunga_burmeisteri,Cariamidae,Cariamiformes,Chunga burmeisteri,1298
Sakesphorus_melanothorax,Thamnophilidae,Passeriformes,Sakesphorus melanothorax,31.8
Camaroptera_brachyura,Cisticolidae,Passeriformes,Camaroptera brachyura,9.7
Cyanocorax_violaceus,Corvidae,Passeriformes,Cyanocorax violaceus,262
Camptostoma_obsoletum,Tyrannidae,Passeriformes,Camptostoma obsoletum,8.1
Grallaria_erythrotis,Formicariidae,Passeriformes,Grallaria erythrotis,57
Tyrannus_melancholicus,Tyrannidae,Passeriformes,Tyrannus melancholicus,37.4
Nisaetus_philippensis,Accipitridae,Accipitriformes,Nisaetus philippensis,1168
Primolius_maracana,Psittacidae,Psittaciformes,Primolius maracana,256
Myiarchus_sagrae,Tyrannidae,Passeriformes,Myiarchus sagrae,19.3
Ptilonorhynchus_violaceus,Ptilonorhynchidae,Passeriformes,Ptilonorhynchus violaceus,218.9
Campethera_caroli,Picidae,Piciformes,Campethera caroli,44.2
Lopholaimus_antarcticus,Columbidae,Columbiformes,Lopholaimus antarcticus,496.4
Automolus_melanopezus,Furnariidae,Passeriformes,Automolus melanopezus,31.4
Stagonopleura_guttata,Estrildidae,Passeriformes,Stagonopleura guttata,17.6
Carpodacus_thura,Fringillidae,Passeriformes,Carpodacus thura,31
Granatellus_pelzelni,Cardinalidae,Passeriformes,Granatellus pelzelni,11.2
Anas_strepera,Anatidae,Anseriformes,Anas strepera,915.6
Vireo_olivaceus,Vireonidae,Passeriformes,Vireo olivaceus,16.1
Accipiter_rufiventris,Accipitridae,Accipitriformes,Accipiter rufiventris,198
Zosterops_atriceps,Zosteropidae,Passeriformes,Zosterops atriceps,12
Alcippe_brunnea,Timaliidae,Passeriformes,Alcippe brunnea,17.4
Bradypterus_major,Sylviidae,Passeriformes,Bradypterus major,13
Pipraeidea_melanonota,Thraupidae,Passeriformes,Pipraeidea melanonota,21
Lewinia_mirifica,Rallidae,Gruiformes,Lewinia mirifica,68
Locustella_pleskei,Sylviidae,Passeriformes,Locustella pleskei,20
Charmosyna_pulchella,Psittacidae,Psittaciformes,Charmosyna pulchella,34.1
Picumnus_varzeae,Picidae,Piciformes,Picumnus varzeae,11.5
Zosterops_sanctaecrucis,Zosteropidae,Passeriformes,Zosterops sanctaecrucis,14
Ploceus_katangae,Ploceidae,Passeriformes,Ploceus katangae,18.5
Psarocolius_bifasciatus,Icteridae,Passeriformes,Psarocolius bifasciatus,335.7
Crax_daubentoni,Cracidae,Galliformes,Crax daubentoni,2499.9
Ploceus_melanogaster,Ploceidae,Passeriformes,Ploceus melanogaster,22.4
Lophornis_adorabilis,Trochilidae,Apodiformes,Lophornis adorabilis,2.7
Lamprotornis_pulcher,Sturnidae,Passeriformes,Lamprotornis pulcher,67.3
Aethopyga_duyvenbodei,Nectariniidae,Passeriformes,Aethopyga duyvenbodei,6
Procellaria_westlandica,Procellariidae,Procellariiformes,Procellaria westlandica,1199
Bangsia_rothschildi,Thraupidae,Passeriformes,Bangsia rothschildi,48.5
Pygoscelis_papua,Spheniscidae,Sphenisciformes,Pygoscelis papua,5933
Gymnorhina_tibicen,Cracticidae,Passeriformes,Gymnorhina tibicen,284.9
Formicarius_moniliger,Formicariidae,Passeriformes,Formicarius moniliger,61.9
Aratinga_rubritorquis,Psittacidae,Psittaciformes,Aratinga rubritorquis,212
Nucifraga_caryocatactes,Corvidae,Passeriformes,Nucifraga caryocatactes,182.5
Pachycephala_hypoxantha,Pachycephalidae,Passeriformes,Pachycephala hypoxantha,22.3
Glaucidium_nanum,Strigidae,Strigiformes,Glaucidium nanum,73.7
Icterus_chrysater,Icteridae,Passeriformes,Icterus chrysater,53.4
Sporophila_plumbea,Emberizidae,Passeriformes,Sporophila plumbea,9.7
Myadestes_palmeri,Turdidae,Passeriformes,Myadestes palmeri,39.6
Machaeropterus_regulus,Pipridae,Passeriformes,Machaeropterus regulus,9.3
Aprosmictus_jonquillaceus,Psittacidae,Psittaciformes,Aprosmictus jonquillaceus,119
Cochoa_beccarii,Turdidae,Passeriformes,Cochoa beccarii,111.5
Alisterus_scapularis,Psittacidae,Psittaciformes,Alisterus scapularis,232.3
Tringa_nebularia,Scolopacidae,Charadriiformes,Tringa nebularia,187
Prionops_retzii,Malaconotidae,Passeriformes,Prionops retzii,50.1
Syrmaticus_soemmerringii,Phasianidae,Galliformes,Syrmaticus soemmerringii,1081.7
Carduelis_chloris,Fringillidae,Passeriformes,Carduelis chloris,26
Eupherusa_cyanophrys,Trochilidae,Apodiformes,Eupherusa cyanophrys,4.8
Euplectes_jacksoni,Ploceidae,Passeriformes,Euplectes jacksoni,37
Monarcha_manadensis,Monarchidae,Passeriformes,Monarcha manadensis,22.5
Scelorchilus_rubecula,Rhinocryptidae,Passeriformes,Scelorchilus rubecula,56.7
Megalaima_henricii,Ramphastidae,Piciformes,Megalaima henricii,74.1
Orthogonys_chloricterus,Thraupidae,Passeriformes,Orthogonys chloricterus,39
Bulweria_bulwerii,Procellariidae,Procellariiformes,Bulweria bulwerii,99
Telophorus_bocagei,Malaconotidae,Passeriformes,Telophorus bocagei,27
Gyps_rueppellii,Accipitridae,Accipitriformes,Gyps rueppellii,7400
Phylloscopus_makirensis,Sylviidae,Passeriformes,Phylloscopus makirensis,9.2
Strix_varia,Strigidae,Strigiformes,Strix varia,711.5
Myiodynastes_maculatus,Tyrannidae,Passeriformes,Myiodynastes maculatus,43.2
Cercomacra_tyrannina,Thamnophilidae,Passeriformes,Cercomacra tyrannina,16.3
Odontophorus_gujanensis,Odontophoridae,Galliformes,Odontophorus gujanensis,314.1
Nyctibius_maculosus,Nyctibiidae,Caprimulgiformes,Nyctibius maculosus,170.3
Zosterops_conspicillatus,Zosteropidae,Passeriformes,Zosterops conspicillatus,7.9
Garrulax_delesserti,Timaliidae,Passeriformes,Garrulax delesserti,78
Ferminia_cerverai,Troglodytidae,Passeriformes,Ferminia cerverai,26
Contopus_nigrescens,Tyrannidae,Passeriformes,Contopus nigrescens,9.5
Chrysococcyx_minutillus,Cuculidae,Cuculiformes,Chrysococcyx minutillus,18.6
Myiodynastes_hemichrysus,Tyrannidae,Passeriformes,Myiodynastes hemichrysus,43.4
Oenanthe_monticola,Muscicapidae,Passeriformes,Oenanthe monticola,33.1
Plocepasser_donaldsoni,Passeridae,Passeriformes,Plocepasser donaldsoni,39.9
Coccothraustes_coccothraustes,Fringillidae,Passeriformes,Coccothraustes coccothraustes,56.6
Caprimulgus_solala,Caprimulgidae,Caprimulgiformes,Caprimulgus solala,79
Pomatostomus_isidorei,Pomatostomidae,Passeriformes,Pomatostomus isidorei,70
Caprimulgus_stellatus,Caprimulgidae,Caprimulgiformes,Caprimulgus stellatus,58.2
Asthenes_virgata,Furnariidae,Passeriformes,Asthenes virgata,22
Hemiphaga_novaeseelandiae,Columbidae,Columbiformes,Hemiphaga novaeseelandiae,653
Laniarius_ferrugineus,Malaconotidae,Passeriformes,Laniarius ferrugineus,46.8
Turdus_daguae,Turdidae,Passeriformes,Turdus daguae,54
Certhionyx_variegatus,Meliphagidae,Passeriformes,Certhionyx variegatus,26.3
Amaurocichla_bocagei,Sylviidae,Passeriformes,Amaurocichla bocagei,7
Phalacrocorax_punctatus,Phalacrocoracidae,Suliformes,Phalacrocorax punctatus,1184.7
Zosterops_kulambangrae,Zosteropidae,Passeriformes,Zosterops kulambangrae,10.6
Garrulax_poecilorhynchus,Timaliidae,Passeriformes,Garrulax poecilorhynchus,72
Megacrex_inepta,Rallidae,Gruiformes,Megacrex inepta,1200
Leucopternis_semiplumbeus,Accipitridae,Accipitriformes,Leucopternis semiplumbeus,285
Conopophaga_aurita,Conopophagidae,Passeriformes,Conopophaga aurita,26.3
Bradypterus_tacsanowskius,Sylviidae,Passeriformes,Bradypterus tacsanowskius,14
Lanius_gubernator,Laniidae,Passeriformes,Lanius gubernator,23.5
Ortalis_leucogastra,Cracidae,Galliformes,Ortalis leucogastra,495.8
Chaetorhynchus_papuensis,Dicruridae,Passeriformes,Chaetorhynchus papuensis,37.2
Prosopeia_splendens,Psittacidae,Psittaciformes,Prosopeia splendens,232
Psophodes_nigrogularis,Eupetidae,Passeriformes,Psophodes nigrogularis,44.5
Thryothorus_genibarbis,Troglodytidae,Passeriformes,Thryothorus genibarbis,19.2
Mirafra_cheniana,Alaudidae,Passeriformes,Mirafra cheniana,29.2
Estrilda_kandti,Estrildidae,Passeriformes,Estrilda kandti,8
Heliodoxa_gularis,Trochilidae,Apodiformes,Heliodoxa gularis,6.3
Spheniscus_mendiculus,Spheniscidae,Sphenisciformes,Spheniscus mendiculus,1921.9
Phoenicurus_erythrogastrus,Muscicapidae,Passeriformes,Phoenicurus erythrogastrus,24.5
Aimophila_stolzmanni,Emberizidae,Passeriformes,Aimophila stolzmanni,25.6
Prinia_bairdii,Cisticolidae,Passeriformes,Prinia bairdii,13.4
Notharchus_macrorhynchos,Bucconidae,Piciformes,Notharchus macrorhynchos,95.9
Carduelis_magellanica,Fringillidae,Passeriformes,Carduelis magellanica,13.6
Otus_angelinae,Strigidae,Strigiformes,Otus angelinae,82.2
Collocalia_pelewensis,Apodidae,Apodiformes,Collocalia pelewensis,13.4
Malimbus_rubricollis,Ploceidae,Passeriformes,Malimbus rubricollis,42.2
Chionis_albus,Chionidae,Charadriiformes,Chionis albus,675.7
Phaenicophaeus_viridirostris,Cuculidae,Cuculiformes,Phaenicophaeus viridirostris,67
Francolinus_sephaena,Phasianidae,Galliformes,Francolinus sephaena,340.5
Hylorchilus_sumichrasti,Troglodytidae,Passeriformes,Hylorchilus sumichrasti,28.4
Scopus_umbretta,Scopidae,Pelecaniformes,Scopus umbretta,472
Burhinus_oedicnemus,Burhinidae,Charadriiformes,Burhinus oedicnemus,459
Monarcha_chrysomela,Monarchidae,Passeriformes,Monarcha chrysomela,15.6
Parotia_sefilata,Paradisaeidae,Passeriformes,Parotia sefilata,181.7
Merulaxis_stresemanni,Rhinocryptidae,Passeriformes,Merulaxis stresemanni,35
Calidris_bairdii,Scolopacidae,Charadriiformes,Calidris bairdii,41
Leptodon_forbesi,Accipitridae,Accipitriformes,Leptodon forbesi,577
Zoothera_everetti,Turdidae,Passeriformes,Zoothera everetti,81.9
Aegotheles_archboldi,Aegothelidae,Apodiformes,Aegotheles archboldi,30.6
Telophorus_viridis,Malaconotidae,Passeriformes,Telophorus viridis,37.1
Gallinago_andina,Scolopacidae,Charadriiformes,Gallinago andina,109.4
Myzomela_dammermani,Meliphagidae,Passeriformes,Myzomela dammermani,7.8
Ninox_squamipila,Strigidae,Strigiformes,Ninox squamipila,210
Amazilia_viridigaster,Trochilidae,Apodiformes,Amazilia viridigaster,3.7
Andigena_cucullata,Ramphastidae,Piciformes,Andigena cucullata,311.8
Vini_stepheni,Psittacidae,Psittaciformes,Vini stepheni,55
Zonotrichia_albicollis,Emberizidae,Passeriformes,Zonotrichia albicollis,24.4
Pyrrhura_calliptera,Psittacidae,Psittaciformes,Pyrrhura calliptera,75
Cinclodes_pabsti,Furnariidae,Passeriformes,Cinclodes pabsti,53
Emberiza_affinis,Emberizidae,Passeriformes,Emberiza affinis,15.4
Conopophaga_melanops,Conopophagidae,Passeriformes,Conopophaga melanops,20.1
Sturnus_sturninus,Sturnidae,Passeriformes,Sturnus sturninus,49.4
Tchagra_senegalus,Malaconotidae,Passeriformes,Tchagra senegalus,53.5
Zosterops_mouroniensis,Zosteropidae,Passeriformes,Zosterops mouroniensis,9.9
Anas_laysanensis,Anatidae,Anseriformes,Anas laysanensis,843.4
Schizoeaca_coryi,Furnariidae,Passeriformes,Schizoeaca coryi,16.8
Phylloscopus_collybita,Sylviidae,Passeriformes,Phylloscopus collybita,8.3
Sitta_whiteheadi,Sittidae,Passeriformes,Sitta whiteheadi,11.8
Cyanocorax_heilprini,Corvidae,Passeriformes,Cyanocorax heilprini,172
Coturnix_delegorguei,Phasianidae,Galliformes,Coturnix delegorguei,76
Chalybura_urochrysia,Trochilidae,Apodiformes,Chalybura urochrysia,6.4
Cacomantis_heinrichi,Cuculidae,Cuculiformes,Cacomantis heinrichi,35.8
Zosterops_griseotinctus,Zosteropidae,Passeriformes,Zosterops griseotinctus,14
Amazilia_beryllina,Trochilidae,Apodiformes,Amazilia beryllina,4.5
Thalassarche_steadi,Diomedeidae,Procellariiformes,Thalassarche steadi,3897.7
Euneornis_campestris,Emberizidae,Passeriformes,Euneornis campestris,16
Sylvia_melanocephala,Sylviidae,Passeriformes,Sylvia melanocephala,11.7
Prionochilus_thoracicus,Dicaeidae,Passeriformes,Prionochilus thoracicus,8.9
Pachycephala_phaionota,Pachycephalidae,Passeriformes,Pachycephala phaionota,24.8
Phylloscopus_olivaceus,Sylviidae,Passeriformes,Phylloscopus olivaceus,9.7
Myrmeciza_ruficauda,Thamnophilidae,Passeriformes,Myrmeciza ruficauda,26
Phylloscopus_humei,Sylviidae,Passeriformes,Phylloscopus humei,6
Camaroptera_superciliaris,Cisticolidae,Passeriformes,Camaroptera superciliaris,9.7
Megadyptes_antipodes,Spheniscidae,Sphenisciformes,Megadyptes antipodes,5326.2
Phylloscopus_inornatus,Sylviidae,Passeriformes,Phylloscopus inornatus,6.6
Odontophorus_leucolaemus,Odontophoridae,Galliformes,Odontophorus leucolaemus,295
Francolinus_castaneicollis,Phasianidae,Galliformes,Francolinus castaneicollis,791.5
Geothlypis_velata,Parulidae,Passeriformes,Geothlypis velata,13.1
Turdoides_longirostris,Timaliidae,Passeriformes,Turdoides longirostris,35
Crypturellus_kerriae,Tinamidae,Tinamiformes,Crypturellus kerriae,443.4
Nectarinia_ludovicensis,Nectariniidae,Passeriformes,Nectarinia ludovicensis,8.7
Asthenes_baeri,Furnariidae,Passeriformes,Asthenes baeri,17.8
Amazona_amazonica,Psittacidae,Psittaciformes,Amazona amazonica,370
Loriculus_galgulus,Psittacidae,Psittaciformes,Loriculus galgulus,28
Myadestes_genibarbis,Turdidae,Passeriformes,Myadestes genibarbis,29.2
Streptopelia_orientalis,Columbidae,Columbiformes,Streptopelia orientalis,232.9
Turdus_infuscatus,Turdidae,Passeriformes,Turdus infuscatus,72.4
Pteroglossus_aracari,Ramphastidae,Piciformes,Pteroglossus aracari,250.2
Hemitriccus_spodiops,Tyrannidae,Passeriformes,Hemitriccus spodiops,7.2
Picus_flavinucha,Picidae,Piciformes,Picus flavinucha,176.8
Caprimulgus_vociferus,Caprimulgidae,Caprimulgiformes,Caprimulgus vociferus,53.3
Harpactes_orrhophaeus,Trogonidae,Trogoniformes,Harpactes orrhophaeus,52.8
Lichenostomus_plumulus,Meliphagidae,Passeriformes,Lichenostomus plumulus,16.5
Orthonyx_spaldingii,Orthonychidae,Passeriformes,Orthonyx spaldingii,149.9
Leptosittaca_branickii,Psittacidae,Psittaciformes,Leptosittaca branickii,155.7
Pterocles_lichtensteinii,Pteroclididae,Pteroclidiformes,Pterocles lichtensteinii,209.1
Clytospiza_monteiri,Estrildidae,Passeriformes,Clytospiza monteiri,14.9
Dasycrotapha_speciosa,Timaliidae,Passeriformes,Dasycrotapha speciosa,16.4
Alectoris_melanocephala,Phasianidae,Galliformes,Alectoris melanocephala,614.8
Pluvianus_aegyptius,Glareolidae,Charadriiformes,Pluvianus aegyptius,82
Euplectes_psammocromius,Ploceidae,Passeriformes,Euplectes psammocromius,35.5
Stachyris_herberti,Timaliidae,Passeriformes,Stachyris herberti,29
Odontophorus_melanotis,Odontophoridae,Galliformes,Odontophorus melanotis,335
Metriopelia_melanoptera,Columbidae,Columbiformes,Metriopelia melanoptera,100
Lagonosticta_nitidula,Estrildidae,Passeriformes,Lagonosticta nitidula,10.7
Oriolus_isabellae,Oriolidae,Passeriformes,Oriolus isabellae,46.1
Heliodoxa_aurescens,Trochilidae,Apodiformes,Heliodoxa aurescens,6.4
Empidonax_alnorum,Tyrannidae,Passeriformes,Empidonax alnorum,12.7
Sterna_albifrons,Laridae,Charadriiformes,Sterna albifrons,57
Gallicrex_cinerea,Rallidae,Gruiformes,Gallicrex cinerea,390.4
Chamaepetes_goudotii,Cracidae,Galliformes,Chamaepetes goudotii,727.7
Alophoixus_flaveolus,Pycnonotidae,Passeriformes,Alophoixus flaveolus,48.3
Cisticola_hunteri,Cisticolidae,Passeriformes,Cisticola hunteri,15.5
Lophura_hatinhensis,Phasianidae,Galliformes,Lophura hatinhensis,1091
Cercomacra_parkeri,Thamnophilidae,Passeriformes,Cercomacra parkeri,17.2
Gallinago_stricklandii,Scolopacidae,Charadriiformes,Gallinago stricklandii,252
Acrocephalus_kerearako,Sylviidae,Passeriformes,Acrocephalus kerearako,22.5
Cistothorus_apolinari,Troglodytidae,Passeriformes,Cistothorus apolinari,17.7
Veniliornis_sanguineus,Picidae,Piciformes,Veniliornis sanguineus,26.5
Hypothymis_coelestis,Monarchidae,Passeriformes,Hypothymis coelestis,13.6
Psittacula_caniceps,Psittacidae,Psittaciformes,Psittacula caniceps,224
Sheppardia_bocagei,Muscicapidae,Passeriformes,Sheppardia bocagei,18.3
Passer_diffusus,Passeridae,Passeriformes,Passer diffusus,24.2
Synallaxis_albigularis,Furnariidae,Passeriformes,Synallaxis albigularis,15.4
Oenanthe_chrysopygia,Muscicapidae,Passeriformes,Oenanthe chrysopygia,22.7
Streptopelia_roseogrisea,Columbidae,Columbiformes,Streptopelia roseogrisea,155
Prionops_alberti,Malaconotidae,Passeriformes,Prionops alberti,61.3
Todiramphus_macleayii,Alcedinidae,Coraciiformes,Todiramphus macleayii,37.3
Colluricincla_megarhyncha,Colluricinclidae,Passeriformes,Colluricincla megarhyncha,32.3
Myiopsitta_monachus,Psittacidae,Psittaciformes,Myiopsitta monachus,120
Pycnonotus_cafer,Pycnonotidae,Passeriformes,Pycnonotus cafer,42.9
Crypturellus_bartletti,Tinamidae,Tinamiformes,Crypturellus bartletti,241
Puffinus_opisthomelas,Procellariidae,Procellariiformes,Puffinus opisthomelas,408
Platyrinchus_mystaceus,Tyrannidae,Passeriformes,Platyrinchus mystaceus,9.7
Dicrurus_andamanensis,Dicruridae,Passeriformes,Dicrurus andamanensis,50.5
Pogoniulus_leucomystax,Ramphastidae,Piciformes,Pogoniulus leucomystax,11.8
Thraupis_glaucocolpa,Thraupidae,Passeriformes,Thraupis glaucocolpa,31.6
Serinus_hypostictus,Fringillidae,Passeriformes,Serinus hypostictus,13
Enicurus_scouleri,Muscicapidae,Passeriformes,Enicurus scouleri,17.8
Actinodura_morrisoniana,Timaliidae,Passeriformes,Actinodura morrisoniana,24
Thamnophilus_amazonicus,Thamnophilidae,Passeriformes,Thamnophilus amazonicus,18.7
Aplonis_pelzelni,Sturnidae,Passeriformes,Aplonis pelzelni,47
Alectura_lathami,Megapodiidae,Galliformes,Alectura lathami,2333.1
Nectarinia_fuliginosa,Nectariniidae,Passeriformes,Nectarinia fuliginosa,11.9
Stachyris_grammiceps,Timaliidae,Passeriformes,Stachyris grammiceps,13
Eulampis_holosericeus,Trochilidae,Apodiformes,Eulampis holosericeus,5.7
Nothoprocta_cinerascens,Tinamidae,Tinamiformes,Nothoprocta cinerascens,523.9
Terenura_sicki,Thamnophilidae,Passeriformes,Terenura sicki,6.4
Geotrygon_albifacies,Columbidae,Columbiformes,Geotrygon albifacies,238
Lamprotornis_australis,Sturnidae,Passeriformes,Lamprotornis australis,101.1
Emblema_pictum,Estrildidae,Passeriformes,Emblema pictum,10.4
Fulmarus_glacialis,Procellariidae,Procellariiformes,Fulmarus glacialis,611.9
Carduelis_hornemanni,Fringillidae,Passeriformes,Carduelis hornemanni,15.2
Myiopagis_cotta,Tyrannidae,Passeriformes,Myiopagis cotta,11.6
Oriolus_melanotis,Oriolidae,Passeriformes,Oriolus melanotis,95.2
Numenius_borealis,Scolopacidae,Charadriiformes,Numenius borealis,350.1
Penelope_purpurascens,Cracidae,Galliformes,Penelope purpurascens,2060
Cymbirhynchus_macrorhynchos,Eurylaimidae,Passeriformes,Cymbirhynchus macrorhynchos,59.4
Ploceus_superciliosus,Ploceidae,Passeriformes,Ploceus superciliosus,21.4
Telophorus_quadricolor,Malaconotidae,Passeriformes,Telophorus quadricolor,44.5
Oxyura_vittata,Anatidae,Anseriformes,Oxyura vittata,642.7
Terenotriccus_erythrurus,Tyrannidae,Passeriformes,Terenotriccus erythrurus,7.4
Accipiter_minullus,Accipitridae,Accipitriformes,Accipiter minullus,87.4
Serinus_syriacus,Fringillidae,Passeriformes,Serinus syriacus,11.7
Sporophila_simplex,Emberizidae,Passeriformes,Sporophila simplex,28
Pomatorhinus_erythrogenys,Timaliidae,Passeriformes,Pomatorhinus erythrogenys,54.9
Xolmis_pyrope,Tyrannidae,Passeriformes,Xolmis pyrope,35.3
Nectarinia_rubescens,Nectariniidae,Passeriformes,Nectarinia rubescens,10.3
Pseudoleistes_virescens,Icteridae,Passeriformes,Pseudoleistes virescens,79.9
Parus_hudsonicus,Paridae,Passeriformes,Parus hudsonicus,9.8
Melierax_poliopterus,Accipitridae,Accipitriformes,Melierax poliopterus,629.9
Temnurus_temnurus,Corvidae,Passeriformes,Temnurus temnurus,138
Heliornis_fulica,Heliornithidae,Gruiformes,Heliornis fulica,132
Strix_nigrolineata,Strigidae,Strigiformes,Strix nigrolineata,457.9
Stachyris_erythroptera,Timaliidae,Passeriformes,Stachyris erythroptera,12.6
Amaurornis_magnirostris,Rallidae,Gruiformes,Amaurornis magnirostris,250
Ficedula_henrici,Muscicapidae,Passeriformes,Ficedula henrici,14.5
Paradoxornis_margaritae,Timaliidae,Passeriformes,Paradoxornis margaritae,29
Polyplectron_germaini,Phasianidae,Galliformes,Polyplectron germaini,450
Anas_aucklandica,Anatidae,Anseriformes,Anas aucklandica,499.1
Pipra_pipra,Pipridae,Passeriformes,Pipra pipra,11.1
Sheppardia_gabela,Muscicapidae,Passeriformes,Sheppardia gabela,11
Euphonia_cayennensis,Thraupidae,Passeriformes,Euphonia cayennensis,14.3
Psittacus_erithacus,Psittacidae,Psittaciformes,Psittacus erithacus,333
Calidris_ruficollis,Scolopacidae,Charadriiformes,Calidris ruficollis,26.8
Hemignathus_parvus,Fringillidae,Passeriformes,Hemignathus parvus,9.3
Cranioleuca_curtata,Furnariidae,Passeriformes,Cranioleuca curtata,17.5
Cracticus_cassicus,Cracticidae,Passeriformes,Cracticus cassicus,142
Kupeornis_rufocinctus,Timaliidae,Passeriformes,Kupeornis rufocinctus,47
Carpodacus_cassinii,Fringillidae,Passeriformes,Carpodacus cassinii,26.5
Canirallus_oculeus,Rallidae,Gruiformes,Canirallus oculeus,277
Larus_modestus,Laridae,Charadriiformes,Larus modestus,344
Ptilinopus_occipitalis,Columbidae,Columbiformes,Ptilinopus occipitalis,238
Dicrurus_aldabranus,Dicruridae,Passeriformes,Dicrurus aldabranus,48.4
Pseudocolaptes_boissonneautii,Furnariidae,Passeriformes,Pseudocolaptes boissonneautii,43.9
Ardeotis_australis,Otididae,Otidiformes,Ardeotis australis,4182.4
Sitta_canadensis,Sittidae,Passeriformes,Sitta canadensis,9.8
Cyornis_omissus,Muscicapidae,Passeriformes,Cyornis omissus,18
Lagopus_muta,Phasianidae,Galliformes,Lagopus muta,535.3
Macropygia_unchall,Columbidae,Columbiformes,Macropygia unchall,168
Schiffornis_virescens,Cotingidae,Passeriformes,Schiffornis virescens,25.6
Pitta_erythrogaster,Pittidae,Passeriformes,Pitta erythrogaster,72.4
Rhinomyias_brunneatus,Muscicapidae,Passeriformes,Rhinomyias brunneatus,18.1
Alcedo_azurea,Alcedinidae,Coraciiformes,Alcedo azurea,34.9
Ketupa_ketupu,Strigidae,Strigiformes,Ketupa ketupu,1293
Niltava_macgrigoriae,Muscicapidae,Passeriformes,Niltava macgrigoriae,12
Schoenicola_brevirostris,Sylviidae,Passeriformes,Schoenicola brevirostris,15.7
Dicaeum_aureolimbatum,Dicaeidae,Passeriformes,Dicaeum aureolimbatum,8.1
Gecinulus_grantia,Picidae,Piciformes,Gecinulus grantia,76
Anthus_correndera,Motacillidae,Passeriformes,Anthus correndera,20.9
Cacicus_haemorrhous,Icteridae,Passeriformes,Cacicus haemorrhous,83.7
Megalaima_pulcherrima,Ramphastidae,Piciformes,Megalaima pulcherrima,65.4
Chrysococcyx_caprius,Cuculidae,Cuculiformes,Chrysococcyx caprius,32.8
Parus_hypermelaenus,Paridae,Passeriformes,Parus hypermelaenus,11.1
Chrysococcyx_xanthorhynchus,Cuculidae,Cuculiformes,Chrysococcyx xanthorhynchus,22.4
Coeligena_prunellei,Trochilidae,Apodiformes,Coeligena prunellei,7
Brachyramphus_perdix,Alcidae,Charadriiformes,Brachyramphus perdix,220
Conopophaga_lineata,Conopophagidae,Passeriformes,Conopophaga lineata,25.2
Sterna_balaenarum,Laridae,Charadriiformes,Sterna balaenarum,60
Psephotus_chrysopterygius,Psittacidae,Psittaciformes,Psephotus chrysopterygius,46.8
Carpodacus_roseus,Fringillidae,Passeriformes,Carpodacus roseus,28.6
Prinia_leontica,Cisticolidae,Passeriformes,Prinia leontica,12.4
Dryocopus_pileatus,Picidae,Piciformes,Dryocopus pileatus,286.6
Aimophila_humeralis,Emberizidae,Passeriformes,Aimophila humeralis,23.9
Basileuterus_culicivorus,Parulidae,Passeriformes,Basileuterus culicivorus,10.5
Larus_atricilla,Laridae,Charadriiformes,Larus atricilla,307.4
Schoeniophylax_phryganophilus,Furnariidae,Passeriformes,Schoeniophylax phryganophilus,18.6
Hylophilus_decurtatus,Vireonidae,Passeriformes,Hylophilus decurtatus,8.5
Loxia_pytyopsittacus,Fringillidae,Passeriformes,Loxia pytyopsittacus,53
Phylloscopus_ruficapilla,Sylviidae,Passeriformes,Phylloscopus ruficapilla,7.7
Cinnycerthia_unirufa,Troglodytidae,Passeriformes,Cinnycerthia unirufa,29.4
Mionectes_olivaceus,Tyrannidae,Passeriformes,Mionectes olivaceus,15.3
Falco_tinnunculus,Falconidae,Falconiformes,Falco tinnunculus,183.2
Trichixos_pyrropygus,Muscicapidae,Passeriformes,Trichixos pyrropygus,40.9
Turtur_tympanistria,Columbidae,Columbiformes,Turtur tympanistria,70.6
Grallaria_albigula,Formicariidae,Passeriformes,Grallaria albigula,95
Turdus_jamaicensis,Turdidae,Passeriformes,Turdus jamaicensis,59.1